idna_subject,checker_type,destination,source,tested_at,session_id
007912.com,AVAILABILITY,origin.list,origin.list,2026-09-15 13:53:34.881404+00:00,c264585aabeaafcd06dfd6dd
008901.com,AVAILABILITY,origin.list,origin.list,2026-09-15 13:53:36.958879+00:00,c264585aabeaafcd06dfd6dd
00808.vip,AVAILABILITY,origin.list,origin.list,2026-09-15 13:53:39.808325+00:00,c264585aabeaafcd06dfd6dd
01166c.com,AVAILABILITY,origin.list,origin.list,2026-09-15 13:53:39.952032+00:00,c264585aabeaafcd06dfd6dd
0203659.com,AVAILABILITY,origin.list,origin.list,2026-09-15 13:53:48.083622+00:00,c264585aabeaafcd06dfd6dd
0253659.com,AVAILABILITY,origin.list,origin.list,2026-09-15 13:53:48.857706+00:00,c264585aabeaafcd06dfd6dd
05513659.com,AVAILABILITY,origin.list,origin.list,2026-09-15 13:53:54.690964+00:00,c264585aabeaafcd06dfd6dd
05jili.com,AVAILABILITY,origin.list,origin.list,2026-09-15 13:53:55.194753+00:00,c264585aabeaafcd06dfd6dd
07713659.com,AVAILABILITY,origin.list,origin.list,2026-09-15 13:54:04.537016+00:00,c264585aabeaafcd06dfd6dd
1000k.vip,AVAILABILITY,origin.list,origin.list,2026-09-15 13:54:05.906781+00:00,c264585aabeaafcd06dfd6dd
10jili.wiki,AVAILABILITY,origin.list,origin.list,2026-09-15 13:54:07.961192+00:00,c264585aabeaafcd06dfd6dd
11123.org,AVAILABILITY,origin.list,origin.list,2026-09-15 13:54:09.634095+00:00,c264585aabeaafcd06dfd6dd
1155dt.com,AVAILABILITY,origin.list,origin.list,2026-09-15 13:54:13.956842+00:00,c264585aabeaafcd06dfd6dd
1155appxz.com,AVAILABILITY,origin.list,origin.list,2026-09-15 13:54:14.633662+00:00,c264585aabeaafcd06dfd6dd
1155dzvip.com,AVAILABILITY,origin.list,origin.list,2026-09-15 13:54:15.765046+00:00,c264585aabeaafcd06dfd6dd
1155sxvip.com,AVAILABILITY,origin.list,origin.list,2026-09-15 13:54:17.479795+00:00,c264585aabeaafcd06dfd6dd
11plan.site,AVAILABILITY,origin.list,origin.list,2026-09-15 13:54:21.409432+00:00,c264585aabeaafcd06dfd6dd
126133.com,AVAILABILITY,origin.list,origin.list,2026-09-15 13:54:24.362953+00:00,c264585aabeaafcd06dfd6dd
130url.com,AVAILABILITY,origin.list,origin.list,2026-09-15 13:54:31.315798+00:00,c264585aabeaafcd06dfd6dd
1364.com,AVAILABILITY,origin.list,origin.list,2026-09-15 13:54:35.103904+00:00,c264585aabeaafcd06dfd6dd
1364.net,AVAILABILITY,origin.list,origin.list,2026-09-15 13:54:35.297085+00:00,c264585aabeaafcd06dfd6dd
1391155.com,AVAILABILITY,origin.list,origin.list,2026-09-15 13:54:37.776558+00:00,c264585aabeaafcd06dfd6dd
13923.vip,AVAILABILITY,origin.list,origin.list,2026-09-15 13:54:40.359982+00:00,c264585aabeaafcd06dfd6dd
1495k15.com,AVAILABILITY,origin.list,origin.list,2026-09-15 13:54:42.221551+00:00,c264585aabeaafcd06dfd6dd
15399d.com,AVAILABILITY,origin.list,origin.list,2026-09-15 13:54:46.042628+00:00,c264585aabeaafcd06dfd6dd
154kf.com,AVAILABILITY,origin.list,origin.list,2026-09-15 13:54:47.893871+00:00,c264585aabeaafcd06dfd6dd
154sq.com,AVAILABILITY,origin.list,origin.list,2026-09-15 13:54:49.442251+00:00,c264585aabeaafcd06dfd6dd
154.chat,AVAILABILITY,origin.list,origin.list,2026-09-15 13:54:50.578064+00:00,c264585aabeaafcd06dfd6dd
15855.vip,AVAILABILITY,origin.list,origin.list,2026-09-15 13:54:55.048181+00:00,c264585aabeaafcd06dfd6dd
16358.vip,AVAILABILITY,origin.list,origin.list,2026-09-15 13:54:58.695221+00:00,c264585aabeaafcd06dfd6dd
162kaiyun.vip,AVAILABILITY,origin.list,origin.list,2026-09-15 13:55:00.011078+00:00,c264585aabeaafcd06dfd6dd
163kaiyun.vip,AVAILABILITY,origin.list,origin.list,2026-09-15 13:55:05.592174+00:00,c264585aabeaafcd06dfd6dd
164kaiyun.vip,AVAILABILITY,origin.list,origin.list,2026-09-15 13:55:07.898642+00:00,c264585aabeaafcd06dfd6dd
166kaiyun.vip,AVAILABILITY,origin.list,origin.list,2026-09-15 13:55:09.331555+00:00,c264585aabeaafcd06dfd6dd
1688h.vip,AVAILABILITY,origin.list,origin.list,2026-09-15 13:55:15.335952+00:00,c264585aabeaafcd06dfd6dd
1688j.vip,AVAILABILITY,origin.list,origin.list,2026-09-15 13:55:19.353481+00:00,c264585aabeaafcd06dfd6dd
168kaiyun.vip,AVAILABILITY,origin.list,origin.list,2026-09-15 13:55:26.636095+00:00,c264585aabeaafcd06dfd6dd
168968.vip,AVAILABILITY,origin.list,origin.list,2026-09-15 13:55:29.884160+00:00,c264585aabeaafcd06dfd6dd
169app.vip,AVAILABILITY,origin.list,origin.list,2026-09-15 13:55:30.582970+00:00,c264585aabeaafcd06dfd6dd
17478.vip,AVAILABILITY,origin.list,origin.list,2026-09-15 13:55:37.101377+00:00,c264585aabeaafcd06dfd6dd
177095.com,AVAILABILITY,origin.list,origin.list,2026-09-15 13:55:38.319802+00:00,c264585aabeaafcd06dfd6dd
176kaiyun.vip,AVAILABILITY,origin.list,origin.list,2026-09-15 13:55:38.451353+00:00,c264585aabeaafcd06dfd6dd
180kaiyun.vip,AVAILABILITY,origin.list,origin.list,2026-09-15 13:55:41.139084+00:00,c264585aabeaafcd06dfd6dd
181kaiyun.vip,AVAILABILITY,origin.list,origin.list,2026-09-15 13:55:48.470651+00:00,c264585aabeaafcd06dfd6dd
180155.com,AVAILABILITY,origin.list,origin.list,2026-09-15 13:55:50.080889+00:00,c264585aabeaafcd06dfd6dd
182kaiyun.vip,AVAILABILITY,origin.list,origin.list,2026-09-15 13:55:51.844718+00:00,c264585aabeaafcd06dfd6dd
18418.vip,AVAILABILITY,origin.list,origin.list,2026-09-15 13:55:53.029208+00:00,c264585aabeaafcd06dfd6dd
183kaiyun.vip,AVAILABILITY,origin.list,origin.list,2026-09-15 13:55:53.806097+00:00,c264585aabeaafcd06dfd6dd
184kaiyun.vip,AVAILABILITY,origin.list,origin.list,2026-09-15 13:55:55.926773+00:00,c264585aabeaafcd06dfd6dd
185kaiyun.vip,AVAILABILITY,origin.list,origin.list,2026-09-15 13:55:56.649286+00:00,c264585aabeaafcd06dfd6dd
188-sport.com,AVAILABILITY,origin.list,origin.list,2026-09-15 13:55:58.490050+00:00,c264585aabeaafcd06dfd6dd
188bet.asia,AVAILABILITY,origin.list,origin.list,2026-09-15 13:56:00.763596+00:00,c264585aabeaafcd06dfd6dd
188bet.game,AVAILABILITY,origin.list,origin.list,2026-09-15 13:56:00.797835+00:00,c264585aabeaafcd06dfd6dd
188bet.site,AVAILABILITY,origin.list,origin.list,2026-09-15 13:56:02.533865+00:00,c264585aabeaafcd06dfd6dd
188bet.win,AVAILABILITY,origin.list,origin.list,2026-09-15 13:56:02.652191+00:00,c264585aabeaafcd06dfd6dd
188cba.vip,AVAILABILITY,origin.list,origin.list,2026-09-15 13:56:04.696315+00:00,c264585aabeaafcd06dfd6dd
188s.bet,AVAILABILITY,origin.list,origin.list,2026-09-15 13:56:12.969338+00:00,c264585aabeaafcd06dfd6dd
188sport.asia,AVAILABILITY,origin.list,origin.list,2026-09-15 13:56:13.648062+00:00,c264585aabeaafcd06dfd6dd
188th.asia,AVAILABILITY,origin.list,origin.list,2026-09-15 13:56:14.878841+00:00,c264585aabeaafcd06dfd6dd
192kaiyun.vip,AVAILABILITY,origin.list,origin.list,2026-09-15 13:56:19.619293+00:00,c264585aabeaafcd06dfd6dd
191kaiyun.vip,AVAILABILITY,origin.list,origin.list,2026-09-15 13:56:23.898527+00:00,c264585aabeaafcd06dfd6dd
195029.vip,AVAILABILITY,origin.list,origin.list,2026-09-15 13:56:24.968594+00:00,c264585aabeaafcd06dfd6dd
195kaiyun.vip,AVAILABILITY,origin.list,origin.list,2026-09-15 13:56:30.815346+00:00,c264585aabeaafcd06dfd6dd
194kaiyun.vip,AVAILABILITY,origin.list,origin.list,2026-09-15 13:56:34.119828+00:00,c264585aabeaafcd06dfd6dd
197kaiyun.vip,AVAILABILITY,origin.list,origin.list,2026-09-15 13:56:39.702391+00:00,c264585aabeaafcd06dfd6dd
196kaiyun.vip,AVAILABILITY,origin.list,origin.list,2026-09-15 13:56:39.818082+00:00,c264585aabeaafcd06dfd6dd
198kaiyun.vip,AVAILABILITY,origin.list,origin.list,2026-09-15 13:56:47.706865+00:00,c264585aabeaafcd06dfd6dd
199kaiyun.vip,AVAILABILITY,origin.list,origin.list,2026-09-15 13:56:48.625770+00:00,c264585aabeaafcd06dfd6dd
1xbet-corp.com,AVAILABILITY,origin.list,origin.list,2026-09-15 13:56:51.221362+00:00,c264585aabeaafcd06dfd6dd
1xbet-lk21.xyz,AVAILABILITY,origin.list,origin.list,2026-09-15 13:56:51.363756+00:00,c264585aabeaafcd06dfd6dd
1xbetbet.icu,AVAILABILITY,origin.list,origin.list,2026-09-15 13:56:52.169962+00:00,c264585aabeaafcd06dfd6dd
1xbetpro.xyz,AVAILABILITY,origin.list,origin.list,2026-09-15 13:56:53.203844+00:00,c264585aabeaafcd06dfd6dd
1xbkbet5.com,AVAILABILITY,origin.list,origin.list,2026-09-15 13:56:53.853087+00:00,c264585aabeaafcd06dfd6dd
1xhong.com,AVAILABILITY,origin.list,origin.list,2026-09-15 13:56:54.695461+00:00,c264585aabeaafcd06dfd6dd
1xlite-49657.bar,AVAILABILITY,origin.list,origin.list,2026-09-15 13:56:55.152753+00:00,c264585aabeaafcd06dfd6dd
1xmexico.com,AVAILABILITY,origin.list,origin.list,2026-09-15 13:56:55.770882+00:00,c264585aabeaafcd06dfd6dd
201k.vip,AVAILABILITY,origin.list,origin.list,2026-09-15 13:56:58.427355+00:00,c264585aabeaafcd06dfd6dd
200kaiyun.vip,AVAILABILITY,origin.list,origin.list,2026-09-15 13:57:00.686311+00:00,c264585aabeaafcd06dfd6dd
201kaiyun.vip,AVAILABILITY,origin.list,origin.list,2026-09-15 13:57:05.348870+00:00,c264585aabeaafcd06dfd6dd
202kaiyun.vip,AVAILABILITY,origin.list,origin.list,2026-09-15 13:57:05.968683+00:00,c264585aabeaafcd06dfd6dd
204kaiyun.vip,AVAILABILITY,origin.list,origin.list,2026-09-15 13:57:09.403141+00:00,c264585aabeaafcd06dfd6dd
205k.vip,AVAILABILITY,origin.list,origin.list,2026-09-15 13:57:12.031710+00:00,c264585aabeaafcd06dfd6dd
207456.com,AVAILABILITY,origin.list,origin.list,2026-09-15 13:57:13.053330+00:00,c264585aabeaafcd06dfd6dd
208kaiyun.vip,AVAILABILITY,origin.list,origin.list,2026-09-15 13:57:14.428470+00:00,c264585aabeaafcd06dfd6dd
206k.vip,AVAILABILITY,origin.list,origin.list,2026-09-15 13:57:14.641556+00:00,c264585aabeaafcd06dfd6dd
210k.vip,AVAILABILITY,origin.list,origin.list,2026-09-15 13:57:17.925761+00:00,c264585aabeaafcd06dfd6dd
212kaiyun.vip,AVAILABILITY,origin.list,origin.list,2026-09-15 13:57:19.770039+00:00,c264585aabeaafcd06dfd6dd
213806.com,AVAILABILITY,origin.list,origin.list,2026-09-15 13:57:22.201095+00:00,c264585aabeaafcd06dfd6dd
212k.vip,AVAILABILITY,origin.list,origin.list,2026-09-15 13:57:22.921570+00:00,c264585aabeaafcd06dfd6dd
217456.com,AVAILABILITY,origin.list,origin.list,2026-09-15 13:57:26.333583+00:00,c264585aabeaafcd06dfd6dd
214kaiyun.vip,AVAILABILITY,origin.list,origin.list,2026-09-15 13:57:27.578657+00:00,c264585aabeaafcd06dfd6dd
222180.com,AVAILABILITY,origin.list,origin.list,2026-09-15 13:57:30.076262+00:00,c264585aabeaafcd06dfd6dd
222wb999.com,AVAILABILITY,origin.list,origin.list,2026-09-15 13:57:32.442389+00:00,c264585aabeaafcd06dfd6dd
223399.com,AVAILABILITY,origin.list,origin.list,2026-09-15 13:57:33.935102+00:00,c264585aabeaafcd06dfd6dd
221kaiyun.vip,AVAILABILITY,origin.list,origin.list,2026-09-15 13:57:35.738373+00:00,c264585aabeaafcd06dfd6dd
223kaiyun.vip,AVAILABILITY,origin.list,origin.list,2026-09-15 13:57:38.288652+00:00,c264585aabeaafcd06dfd6dd
224kaiyun.vip,AVAILABILITY,origin.list,origin.list,2026-09-15 13:57:42.848476+00:00,c264585aabeaafcd06dfd6dd
225k.vip,AVAILABILITY,origin.list,origin.list,2026-09-15 13:57:47.101246+00:00,c264585aabeaafcd06dfd6dd
229kaiyun.vip,AVAILABILITY,origin.list,origin.list,2026-09-15 13:57:49.985760+00:00,c264585aabeaafcd06dfd6dd
229k.vip,AVAILABILITY,origin.list,origin.list,2026-09-15 13:57:51.070312+00:00,c264585aabeaafcd06dfd6dd
230kaiyun.vip,AVAILABILITY,origin.list,origin.list,2026-09-15 13:57:54.378705+00:00,c264585aabeaafcd06dfd6dd
23155.wang,AVAILABILITY,origin.list,origin.list,2026-09-15 13:57:58.256366+00:00,c264585aabeaafcd06dfd6dd
230k.vip,AVAILABILITY,origin.list,origin.list,2026-09-15 13:57:59.275761+00:00,c264585aabeaafcd06dfd6dd
232k.vip,AVAILABILITY,origin.list,origin.list,2026-09-15 13:58:06.768579+00:00,c264585aabeaafcd06dfd6dd
231k.vip,AVAILABILITY,origin.list,origin.list,2026-09-15 13:58:08.627166+00:00,c264585aabeaafcd06dfd6dd
235k.vip,AVAILABILITY,origin.list,origin.list,2026-09-15 13:58:15.583770+00:00,c264585aabeaafcd06dfd6dd
232kaiyun.vip,AVAILABILITY,origin.list,origin.list,2026-09-15 13:58:15.651208+00:00,c264585aabeaafcd06dfd6dd
237k.vip,AVAILABILITY,origin.list,origin.list,2026-09-15 13:58:21.954555+00:00,c264585aabeaafcd06dfd6dd
238k.vip,AVAILABILITY,origin.list,origin.list,2026-09-15 13:58:25.927763+00:00,c264585aabeaafcd06dfd6dd
236k.vip,AVAILABILITY,origin.list,origin.list,2026-09-15 13:58:27.111369+00:00,c264585aabeaafcd06dfd6dd
239k.vip,AVAILABILITY,origin.list,origin.list,2026-09-15 13:58:31.943130+00:00,c264585aabeaafcd06dfd6dd
241k.vip,AVAILABILITY,origin.list,origin.list,2026-09-15 13:58:36.874766+00:00,c264585aabeaafcd06dfd6dd
244k.vip,AVAILABILITY,origin.list,origin.list,2026-09-15 13:58:37.631231+00:00,c264585aabeaafcd06dfd6dd
244kaiyun.vip,AVAILABILITY,origin.list,origin.list,2026-09-15 13:58:44.698932+00:00,c264585aabeaafcd06dfd6dd
245k.vip,AVAILABILITY,origin.list,origin.list,2026-09-15 13:58:47.771549+00:00,c264585aabeaafcd06dfd6dd
246kaiyun.vip,AVAILABILITY,origin.list,origin.list,2026-09-15 13:58:50.640698+00:00,c264585aabeaafcd06dfd6dd
248k.vip,AVAILABILITY,origin.list,origin.list,2026-09-15 13:58:55.196199+00:00,c264585aabeaafcd06dfd6dd
245kaiyun.vip,AVAILABILITY,origin.list,origin.list,2026-09-15 13:58:55.492254+00:00,c264585aabeaafcd06dfd6dd
250k.vip,AVAILABILITY,origin.list,origin.list,2026-09-15 13:58:59.357335+00:00,c264585aabeaafcd06dfd6dd
250kaiyun.vip,AVAILABILITY,origin.list,origin.list,2026-09-15 13:59:01.516934+00:00,c264585aabeaafcd06dfd6dd
251k.vip,AVAILABILITY,origin.list,origin.list,2026-09-15 13:59:03.219142+00:00,c264585aabeaafcd06dfd6dd
251kaiyun.vip,AVAILABILITY,origin.list,origin.list,2026-09-15 13:59:05.396577+00:00,c264585aabeaafcd06dfd6dd
252k.vip,AVAILABILITY,origin.list,origin.list,2026-09-15 13:59:06.333432+00:00,c264585aabeaafcd06dfd6dd
253y.vip,AVAILABILITY,origin.list,origin.list,2026-09-15 13:59:07.199548+00:00,c264585aabeaafcd06dfd6dd
252kaiyun.vip,AVAILABILITY,origin.list,origin.list,2026-09-15 13:59:08.351143+00:00,c264585aabeaafcd06dfd6dd
254kaiyun.vip,AVAILABILITY,origin.list,origin.list,2026-09-15 13:59:11.726685+00:00,c264585aabeaafcd06dfd6dd
255y.vip,AVAILABILITY,origin.list,origin.list,2026-09-15 13:59:15.434086+00:00,c264585aabeaafcd06dfd6dd
2566q24.com,AVAILABILITY,origin.list,origin.list,2026-09-15 13:59:18.069111+00:00,c264585aabeaafcd06dfd6dd
2566q28.com,AVAILABILITY,origin.list,origin.list,2026-09-15 13:59:18.079525+00:00,c264585aabeaafcd06dfd6dd
2566q30.com,AVAILABILITY,origin.list,origin.list,2026-09-15 13:59:19.412309+00:00,c264585aabeaafcd06dfd6dd
2566q8.com,AVAILABILITY,origin.list,origin.list,2026-09-15 13:59:20.270308+00:00,c264585aabeaafcd06dfd6dd
2566q9.com,AVAILABILITY,origin.list,origin.list,2026-09-15 13:59:20.780302+00:00,c264585aabeaafcd06dfd6dd
2566t7.com,AVAILABILITY,origin.list,origin.list,2026-09-15 13:59:21.570389+00:00,c264585aabeaafcd06dfd6dd
2566y100.com,AVAILABILITY,origin.list,origin.list,2026-09-15 13:59:22.079824+00:00,c264585aabeaafcd06dfd6dd
2566y52.com,AVAILABILITY,origin.list,origin.list,2026-09-15 13:59:22.937160+00:00,c264585aabeaafcd06dfd6dd
2566y53.com,AVAILABILITY,origin.list,origin.list,2026-09-15 13:59:23.311034+00:00,c264585aabeaafcd06dfd6dd
2566y54.com,AVAILABILITY,origin.list,origin.list,2026-09-15 13:59:24.307186+00:00,c264585aabeaafcd06dfd6dd
2566y58.com,AVAILABILITY,origin.list,origin.list,2026-09-15 13:59:24.536930+00:00,c264585aabeaafcd06dfd6dd
2566y61.com,AVAILABILITY,origin.list,origin.list,2026-09-15 13:59:25.585908+00:00,c264585aabeaafcd06dfd6dd
2566y62.com,AVAILABILITY,origin.list,origin.list,2026-09-15 13:59:25.828808+00:00,c264585aabeaafcd06dfd6dd
2566y68.com,AVAILABILITY,origin.list,origin.list,2026-09-15 13:59:26.676630+00:00,c264585aabeaafcd06dfd6dd
2566y70.com,AVAILABILITY,origin.list,origin.list,2026-09-15 13:59:27.146268+00:00,c264585aabeaafcd06dfd6dd
2566y75.com,AVAILABILITY,origin.list,origin.list,2026-09-15 13:59:28.123104+00:00,c264585aabeaafcd06dfd6dd
2566y78.com,AVAILABILITY,origin.list,origin.list,2026-09-15 13:59:28.402869+00:00,c264585aabeaafcd06dfd6dd
2566y79.com,AVAILABILITY,origin.list,origin.list,2026-09-15 13:59:29.473214+00:00,c264585aabeaafcd06dfd6dd
2566y80.com,AVAILABILITY,origin.list,origin.list,2026-09-15 13:59:29.479736+00:00,c264585aabeaafcd06dfd6dd
2566y89.com,AVAILABILITY,origin.list,origin.list,2026-09-15 13:59:30.632823+00:00,c264585aabeaafcd06dfd6dd
2566y87.com,AVAILABILITY,origin.list,origin.list,2026-09-15 13:59:30.949277+00:00,c264585aabeaafcd06dfd6dd
2566y94.com,AVAILABILITY,origin.list,origin.list,2026-09-15 13:59:32.169222+00:00,c264585aabeaafcd06dfd6dd
2566y90.com,AVAILABILITY,origin.list,origin.list,2026-09-15 13:59:32.202896+00:00,c264585aabeaafcd06dfd6dd
2566y96.com,AVAILABILITY,origin.list,origin.list,2026-09-15 13:59:33.288509+00:00,c264585aabeaafcd06dfd6dd
256kaiyun.vip,AVAILABILITY,origin.list,origin.list,2026-09-15 13:59:37.148922+00:00,c264585aabeaafcd06dfd6dd
256k.vip,AVAILABILITY,origin.list,origin.list,2026-09-15 13:59:37.630082+00:00,c264585aabeaafcd06dfd6dd
257k.vip,AVAILABILITY,origin.list,origin.list,2026-09-15 13:59:38.242070+00:00,c264585aabeaafcd06dfd6dd
257kaiyun.vip,AVAILABILITY,origin.list,origin.list,2026-09-15 13:59:40.483747+00:00,c264585aabeaafcd06dfd6dd
257y.vip,AVAILABILITY,origin.list,origin.list,2026-09-15 13:59:43.421545+00:00,c264585aabeaafcd06dfd6dd
258fun.com,AVAILABILITY,origin.list,origin.list,2026-09-15 13:59:44.740185+00:00,c264585aabeaafcd06dfd6dd
258y.vip,AVAILABILITY,origin.list,origin.list,2026-09-15 13:59:47.624463+00:00,c264585aabeaafcd06dfd6dd
25835.vip,AVAILABILITY,origin.list,origin.list,2026-09-15 13:59:50.777564+00:00,c264585aabeaafcd06dfd6dd
260y.vip,AVAILABILITY,origin.list,origin.list,2026-09-15 13:59:56.929430+00:00,c264585aabeaafcd06dfd6dd
259y.vip,AVAILABILITY,origin.list,origin.list,2026-09-15 13:59:58.006775+00:00,c264585aabeaafcd06dfd6dd
263k.vip,AVAILABILITY,origin.list,origin.list,2026-09-15 14:00:02.082639+00:00,c264585aabeaafcd06dfd6dd
262y.vip,AVAILABILITY,origin.list,origin.list,2026-09-15 14:00:02.675168+00:00,c264585aabeaafcd06dfd6dd
264y.vip,AVAILABILITY,origin.list,origin.list,2026-09-15 14:00:06.602193+00:00,c264585aabeaafcd06dfd6dd
263y.vip,AVAILABILITY,origin.list,origin.list,2026-09-15 14:00:08.264070+00:00,c264585aabeaafcd06dfd6dd
265k.vip,AVAILABILITY,origin.list,origin.list,2026-09-15 14:00:09.715257+00:00,c264585aabeaafcd06dfd6dd
26847.xyz,AVAILABILITY,origin.list,origin.list,2026-09-15 14:00:11.139719+00:00,c264585aabeaafcd06dfd6dd
267y.vip,AVAILABILITY,origin.list,origin.list,2026-09-15 14:00:14.922583+00:00,c264585aabeaafcd06dfd6dd
271k.vip,AVAILABILITY,origin.list,origin.list,2026-09-15 14:00:19.163206+00:00,c264585aabeaafcd06dfd6dd
270y.vip,AVAILABILITY,origin.list,origin.list,2026-09-15 14:00:19.784309+00:00,c264585aabeaafcd06dfd6dd
271y.vip,AVAILABILITY,origin.list,origin.list,2026-09-15 14:00:26.054389+00:00,c264585aabeaafcd06dfd6dd
272k.vip,AVAILABILITY,origin.list,origin.list,2026-09-15 14:00:28.089355+00:00,c264585aabeaafcd06dfd6dd
274k.vip,AVAILABILITY,origin.list,origin.list,2026-09-15 14:00:33.394199+00:00,c264585aabeaafcd06dfd6dd
273y.vip,AVAILABILITY,origin.list,origin.list,2026-09-15 14:00:33.746203+00:00,c264585aabeaafcd06dfd6dd
275kaiyun.vip,AVAILABILITY,origin.list,origin.list,2026-09-15 14:00:36.088133+00:00,c264585aabeaafcd06dfd6dd
276k.vip,AVAILABILITY,origin.list,origin.list,2026-09-15 14:00:37.187738+00:00,c264585aabeaafcd06dfd6dd
275k.vip,AVAILABILITY,origin.list,origin.list,2026-09-15 14:00:37.706267+00:00,c264585aabeaafcd06dfd6dd
276kaiyun.vip,AVAILABILITY,origin.list,origin.list,2026-09-15 14:00:42.262329+00:00,c264585aabeaafcd06dfd6dd
276y.vip,AVAILABILITY,origin.list,origin.list,2026-09-15 14:00:43.596554+00:00,c264585aabeaafcd06dfd6dd
277057.com,AVAILABILITY,origin.list,origin.list,2026-09-15 14:00:43.848924+00:00,c264585aabeaafcd06dfd6dd
277kaiyun.vip,AVAILABILITY,origin.list,origin.list,2026-09-15 14:00:45.777482+00:00,c264585aabeaafcd06dfd6dd
280kaiyun.vip,AVAILABILITY,origin.list,origin.list,2026-09-15 14:00:50.359108+00:00,c264585aabeaafcd06dfd6dd
2826p.com,AVAILABILITY,origin.list,origin.list,2026-09-15 14:00:52.883797+00:00,c264585aabeaafcd06dfd6dd
279kaiyun.vip,AVAILABILITY,origin.list,origin.list,2026-09-15 14:00:53.866949+00:00,c264585aabeaafcd06dfd6dd
283k.vip,AVAILABILITY,origin.list,origin.list,2026-09-15 14:00:56.995840+00:00,c264585aabeaafcd06dfd6dd
293.com,AVAILABILITY,origin.list,origin.list,2026-09-15 14:01:12.252331+00:00,c264585aabeaafcd06dfd6dd
295.com,AVAILABILITY,origin.list,origin.list,2026-09-15 14:01:13.019166+00:00,c264585aabeaafcd06dfd6dd
295078.com,AVAILABILITY,origin.list,origin.list,2026-09-15 14:01:13.327377+00:00,c264585aabeaafcd06dfd6dd
295098.com,AVAILABILITY,origin.list,origin.list,2026-09-15 14:01:14.082079+00:00,c264585aabeaafcd06dfd6dd
326599.com,AVAILABILITY,origin.list,origin.list,2026-09-15 14:01:29.470680+00:00,c264585aabeaafcd06dfd6dd
3263x.com,AVAILABILITY,origin.list,origin.list,2026-09-15 14:01:29.986505+00:00,c264585aabeaafcd06dfd6dd
333666j.com,AVAILABILITY,origin.list,origin.list,2026-09-15 14:01:34.352338+00:00,c264585aabeaafcd06dfd6dd
3358879.com,AVAILABILITY,origin.list,origin.list,2026-09-15 14:01:36.347089+00:00,c264585aabeaafcd06dfd6dd
34155dh.com,AVAILABILITY,origin.list,origin.list,2026-09-15 14:01:55.208970+00:00,c264585aabeaafcd06dfd6dd
34346.icu,AVAILABILITY,origin.list,origin.list,2026-09-15 14:01:56.544739+00:00,c264585aabeaafcd06dfd6dd
333500.com,AVAILABILITY,origin.list,origin.list,2026-09-15 14:01:59.060309+00:00,c264585aabeaafcd06dfd6dd
35049.site,AVAILABILITY,origin.list,origin.list,2026-09-15 14:02:02.107547+00:00,c264585aabeaafcd06dfd6dd
356844.net,AVAILABILITY,origin.list,origin.list,2026-09-15 14:02:05.770929+00:00,c264585aabeaafcd06dfd6dd
365909.vip,AVAILABILITY,origin.list,origin.list,2026-09-15 14:02:13.373144+00:00,c264585aabeaafcd06dfd6dd
3659b.win,AVAILABILITY,origin.list,origin.list,2026-09-15 14:02:14.855974+00:00,c264585aabeaafcd06dfd6dd
3659006.vip,AVAILABILITY,origin.list,origin.list,2026-09-15 14:02:17.475422+00:00,c264585aabeaafcd06dfd6dd
3659k.vip,AVAILABILITY,origin.list,origin.list,2026-09-15 14:02:18.476340+00:00,c264585aabeaafcd06dfd6dd
3659o.win,AVAILABILITY,origin.list,origin.list,2026-09-15 14:02:19.243018+00:00,c264585aabeaafcd06dfd6dd
365f.one,AVAILABILITY,origin.list,origin.list,2026-09-15 14:02:32.441168+00:00,c264585aabeaafcd06dfd6dd
365f.org,AVAILABILITY,origin.list,origin.list,2026-09-15 14:02:32.829844+00:00,c264585aabeaafcd06dfd6dd
36848.icu,AVAILABILITY,origin.list,origin.list,2026-09-15 14:02:33.936446+00:00,c264585aabeaafcd06dfd6dd
3780811.com,AVAILABILITY,origin.list,origin.list,2026-09-15 14:02:39.767957+00:00,c264585aabeaafcd06dfd6dd
38778u.com,AVAILABILITY,origin.list,origin.list,2026-09-15 14:02:42.175050+00:00,c264585aabeaafcd06dfd6dd
406565.com,AVAILABILITY,origin.list,origin.list,2026-09-15 14:03:09.294773+00:00,c264585aabeaafcd06dfd6dd
42113.cn,AVAILABILITY,origin.list,origin.list,2026-09-15 14:03:09.377081+00:00,c264585aabeaafcd06dfd6dd
43945c.com,AVAILABILITY,origin.list,origin.list,2026-09-15 14:03:13.935865+00:00,c264585aabeaafcd06dfd6dd
4427001.com,AVAILABILITY,origin.list,origin.list,2026-09-15 14:03:14.779375+00:00,c264585aabeaafcd06dfd6dd
4437hd.com,AVAILABILITY,origin.list,origin.list,2026-09-15 14:03:16.442231+00:00,c264585aabeaafcd06dfd6dd
45826.vip,AVAILABILITY,origin.list,origin.list,2026-09-15 14:03:21.295269+00:00,c264585aabeaafcd06dfd6dd
47031.xyz,AVAILABILITY,origin.list,origin.list,2026-09-15 14:03:23.433709+00:00,c264585aabeaafcd06dfd6dd
47762.com,AVAILABILITY,origin.list,origin.list,2026-09-15 14:03:24.633983+00:00,c264585aabeaafcd06dfd6dd
4858ee.com,AVAILABILITY,origin.list,origin.list,2026-09-15 14:03:27.156670+00:00,c264585aabeaafcd06dfd6dd
4858e.com,AVAILABILITY,origin.list,origin.list,2026-09-15 14:03:27.436300+00:00,c264585aabeaafcd06dfd6dd
4858gg.com,AVAILABILITY,origin.list,origin.list,2026-09-15 14:03:29.376248+00:00,c264585aabeaafcd06dfd6dd
4858p.com,AVAILABILITY,origin.list,origin.list,2026-09-15 14:03:29.723101+00:00,c264585aabeaafcd06dfd6dd
4858qqq.com,AVAILABILITY,origin.list,origin.list,2026-09-15 14:03:31.394069+00:00,c264585aabeaafcd06dfd6dd
500w.vip,AVAILABILITY,origin.list,origin.list,2026-09-15 14:03:35.172902+00:00,c264585aabeaafcd06dfd6dd
510007.com,AVAILABILITY,origin.list,origin.list,2026-09-15 14:03:35.795330+00:00,c264585aabeaafcd06dfd6dd
51241.vip,AVAILABILITY,origin.list,origin.list,2026-09-15 14:03:36.624268+00:00,c264585aabeaafcd06dfd6dd
523betapp.site,AVAILABILITY,origin.list,origin.list,2026-09-15 14:03:39.580482+00:00,c264585aabeaafcd06dfd6dd
52992bet.com,AVAILABILITY,origin.list,origin.list,2026-09-15 14:03:41.551445+00:00,c264585aabeaafcd06dfd6dd
532017.com,AVAILABILITY,origin.list,origin.list,2026-09-15 14:03:43.367573+00:00,c264585aabeaafcd06dfd6dd
536.ee,AVAILABILITY,origin.list,origin.list,2026-09-15 14:03:44.237436+00:00,c264585aabeaafcd06dfd6dd
55660.vip,AVAILABILITY,origin.list,origin.list,2026-09-15 14:03:48.993756+00:00,c264585aabeaafcd06dfd6dd
55661.vip,AVAILABILITY,origin.list,origin.list,2026-09-15 14:03:49.018445+00:00,c264585aabeaafcd06dfd6dd
557666w.com,AVAILABILITY,origin.list,origin.list,2026-09-15 14:03:50.373485+00:00,c264585aabeaafcd06dfd6dd
557666u.com,AVAILABILITY,origin.list,origin.list,2026-09-15 14:03:50.400808+00:00,c264585aabeaafcd06dfd6dd
5607.app,AVAILABILITY,origin.list,origin.list,2026-09-15 14:03:55.723498+00:00,c264585aabeaafcd06dfd6dd
564uu.xyz,AVAILABILITY,origin.list,origin.list,2026-09-15 14:03:56.895495+00:00,c264585aabeaafcd06dfd6dd
57082.vip,AVAILABILITY,origin.list,origin.list,2026-09-15 14:03:58.924884+00:00,c264585aabeaafcd06dfd6dd
571750.com,AVAILABILITY,origin.list,origin.list,2026-09-15 14:03:59.580356+00:00,c264585aabeaafcd06dfd6dd
588ry.com,AVAILABILITY,origin.list,origin.list,2026-09-15 14:04:04.935533+00:00,c264585aabeaafcd06dfd6dd
5zhibo8.com,AVAILABILITY,origin.list,origin.list,2026-09-15 14:04:08.426578+00:00,c264585aabeaafcd06dfd6dd
601647.com,AVAILABILITY,origin.list,origin.list,2026-09-15 14:04:12.237260+00:00,c264585aabeaafcd06dfd6dd
616456.com,AVAILABILITY,origin.list,origin.list,2026-09-15 14:04:13.852420+00:00,c264585aabeaafcd06dfd6dd
6228800.com,AVAILABILITY,origin.list,origin.list,2026-09-15 14:04:15.517121+00:00,c264585aabeaafcd06dfd6dd
6228811.com,AVAILABILITY,origin.list,origin.list,2026-09-15 14:04:15.584969+00:00,c264585aabeaafcd06dfd6dd
633.ee,AVAILABILITY,origin.list,origin.list,2026-09-15 14:04:17.858635+00:00,c264585aabeaafcd06dfd6dd
666094.com,AVAILABILITY,origin.list,origin.list,2026-09-15 14:04:23.279977+00:00,c264585aabeaafcd06dfd6dd
6686vn.site,AVAILABILITY,origin.list,origin.list,2026-09-15 14:04:28.967320+00:00,c264585aabeaafcd06dfd6dd
66k66.vip,AVAILABILITY,origin.list,origin.list,2026-09-15 14:04:34.770819+00:00,c264585aabeaafcd06dfd6dd
6722222.com,AVAILABILITY,origin.list,origin.list,2026-09-15 14:04:35.944801+00:00,c264585aabeaafcd06dfd6dd
67318q.com,AVAILABILITY,origin.list,origin.list,2026-09-15 14:04:38.731585+00:00,c264585aabeaafcd06dfd6dd
67822.vip,AVAILABILITY,origin.list,origin.list,2026-09-15 14:04:40.883257+00:00,c264585aabeaafcd06dfd6dd
6786755.com,AVAILABILITY,origin.list,origin.list,2026-09-15 14:04:40.900869+00:00,c264585aabeaafcd06dfd6dd
6888.ee,AVAILABILITY,origin.list,origin.list,2026-09-15 14:04:43.450740+00:00,c264585aabeaafcd06dfd6dd
68iwin.club,AVAILABILITY,origin.list,origin.list,2026-09-15 14:04:45.391297+00:00,c264585aabeaafcd06dfd6dd
710272.site,AVAILABILITY,origin.list,origin.list,2026-09-15 14:04:53.277397+00:00,c264585aabeaafcd06dfd6dd
71088hh.com,AVAILABILITY,origin.list,origin.list,2026-09-15 14:04:54.657875+00:00,c264585aabeaafcd06dfd6dd
70885.org,AVAILABILITY,origin.list,origin.list,2026-09-15 14:04:54.850429+00:00,c264585aabeaafcd06dfd6dd
71088i.com,AVAILABILITY,origin.list,origin.list,2026-09-15 14:04:55.854132+00:00,c264585aabeaafcd06dfd6dd
71088j.com,AVAILABILITY,origin.list,origin.list,2026-09-15 14:04:56.429355+00:00,c264585aabeaafcd06dfd6dd
71088kk.com,AVAILABILITY,origin.list,origin.list,2026-09-15 14:04:57.239024+00:00,c264585aabeaafcd06dfd6dd
71088qq.com,AVAILABILITY,origin.list,origin.list,2026-09-15 14:04:58.570784+00:00,c264585aabeaafcd06dfd6dd
71088l.com,AVAILABILITY,origin.list,origin.list,2026-09-15 14:04:58.796945+00:00,c264585aabeaafcd06dfd6dd
71088vv.com,AVAILABILITY,origin.list,origin.list,2026-09-15 14:05:00.011223+00:00,c264585aabeaafcd06dfd6dd
71678g.com,AVAILABILITY,origin.list,origin.list,2026-09-15 14:05:00.905583+00:00,c264585aabeaafcd06dfd6dd
71678m.com,AVAILABILITY,origin.list,origin.list,2026-09-15 14:05:01.511448+00:00,c264585aabeaafcd06dfd6dd
71678n.com,AVAILABILITY,origin.list,origin.list,2026-09-15 14:05:01.855574+00:00,c264585aabeaafcd06dfd6dd
71678v.com,AVAILABILITY,origin.list,origin.list,2026-09-15 14:05:02.426675+00:00,c264585aabeaafcd06dfd6dd
71678w.com,AVAILABILITY,origin.list,origin.list,2026-09-15 14:05:02.787194+00:00,c264585aabeaafcd06dfd6dd
7246.bet,AVAILABILITY,origin.list,origin.list,2026-09-15 14:05:06.445442+00:00,c264585aabeaafcd06dfd6dd
7269.bet,AVAILABILITY,origin.list,origin.list,2026-09-15 14:05:08.506420+00:00,c264585aabeaafcd06dfd6dd
73678811.com,AVAILABILITY,origin.list,origin.list,2026-09-15 14:05:13.563794+00:00,c264585aabeaafcd06dfd6dd
719733.com,AVAILABILITY,origin.list,origin.list,2026-09-15 14:05:14.114956+00:00,c264585aabeaafcd06dfd6dd
7494477.com,AVAILABILITY,origin.list,origin.list,2026-09-15 14:05:16.544842+00:00,c264585aabeaafcd06dfd6dd
7498811.com,AVAILABILITY,origin.list,origin.list,2026-09-15 14:05:16.681296+00:00,c264585aabeaafcd06dfd6dd
7498822.com,AVAILABILITY,origin.list,origin.list,2026-09-15 14:05:17.932934+00:00,c264585aabeaafcd06dfd6dd
752638.com,AVAILABILITY,origin.list,origin.list,2026-09-15 14:05:18.845363+00:00,c264585aabeaafcd06dfd6dd
76274.vip,AVAILABILITY,origin.list,origin.list,2026-09-15 14:05:21.199967+00:00,c264585aabeaafcd06dfd6dd
76224.com,AVAILABILITY,origin.list,origin.list,2026-09-15 14:05:21.653883+00:00,c264585aabeaafcd06dfd6dd
7633w.com,AVAILABILITY,origin.list,origin.list,2026-09-15 14:05:22.657734+00:00,c264585aabeaafcd06dfd6dd
766456.com,AVAILABILITY,origin.list,origin.list,2026-09-15 14:05:23.403495+00:00,c264585aabeaafcd06dfd6dd
7766589.com,AVAILABILITY,origin.list,origin.list,2026-09-15 14:05:28.165110+00:00,c264585aabeaafcd06dfd6dd
77765955.com,AVAILABILITY,origin.list,origin.list,2026-09-15 14:05:29.735699+00:00,c264585aabeaafcd06dfd6dd
778z6.com,AVAILABILITY,origin.list,origin.list,2026-09-15 14:05:31.338411+00:00,c264585aabeaafcd06dfd6dd
77980.com,AVAILABILITY,origin.list,origin.list,2026-09-15 14:05:31.430649+00:00,c264585aabeaafcd06dfd6dd
77ph66.cc,AVAILABILITY,origin.list,origin.list,2026-09-15 14:05:33.100483+00:00,c264585aabeaafcd06dfd6dd
78232.vip,AVAILABILITY,origin.list,origin.list,2026-09-15 14:05:38.966525+00:00,c264585aabeaafcd06dfd6dd
787697.com,AVAILABILITY,origin.list,origin.list,2026-09-15 14:05:42.246705+00:00,c264585aabeaafcd06dfd6dd
789banca.com,AVAILABILITY,origin.list,origin.list,2026-09-15 14:05:43.897544+00:00,c264585aabeaafcd06dfd6dd
792h.com,AVAILABILITY,origin.list,origin.list,2026-09-15 14:05:49.390404+00:00,c264585aabeaafcd06dfd6dd
789bet.tech,AVAILABILITY,origin.list,origin.list,2026-09-15 14:05:52.581274+00:00,c264585aabeaafcd06dfd6dd
805.ee,AVAILABILITY,origin.list,origin.list,2026-09-15 14:05:54.972232+00:00,c264585aabeaafcd06dfd6dd
806.ee,AVAILABILITY,origin.list,origin.list,2026-09-15 14:05:55.300739+00:00,c264585aabeaafcd06dfd6dd
807.ee,AVAILABILITY,origin.list,origin.list,2026-09-15 14:05:56.205493+00:00,c264585aabeaafcd06dfd6dd
81366m.com,AVAILABILITY,origin.list,origin.list,2026-09-15 14:05:57.373523+00:00,c264585aabeaafcd06dfd6dd
8200hg.com,AVAILABILITY,origin.list,origin.list,2026-09-15 14:05:59.845168+00:00,c264585aabeaafcd06dfd6dd
821.ee,AVAILABILITY,origin.list,origin.list,2026-09-15 14:06:01.076571+00:00,c264585aabeaafcd06dfd6dd
827.ee,AVAILABILITY,origin.list,origin.list,2026-09-15 14:06:05.591707+00:00,c264585aabeaafcd06dfd6dd
829.ee,AVAILABILITY,origin.list,origin.list,2026-09-15 14:06:07.085262+00:00,c264585aabeaafcd06dfd6dd
830.ee,AVAILABILITY,origin.list,origin.list,2026-09-15 14:06:07.265680+00:00,c264585aabeaafcd06dfd6dd
831.ee,AVAILABILITY,origin.list,origin.list,2026-09-15 14:06:08.459401+00:00,c264585aabeaafcd06dfd6dd
832.ee,AVAILABILITY,origin.list,origin.list,2026-09-15 14:06:08.497435+00:00,c264585aabeaafcd06dfd6dd
835.ee,AVAILABILITY,origin.list,origin.list,2026-09-15 14:06:09.446273+00:00,c264585aabeaafcd06dfd6dd
85930.vip,AVAILABILITY,origin.list,origin.list,2026-09-15 14:06:15.768114+00:00,c264585aabeaafcd06dfd6dd
8600hg.com,AVAILABILITY,origin.list,origin.list,2026-09-15 14:06:16.383064+00:00,c264585aabeaafcd06dfd6dd
86053.vip,AVAILABILITY,origin.list,origin.list,2026-09-15 14:06:16.951772+00:00,c264585aabeaafcd06dfd6dd
88003.vip,AVAILABILITY,origin.list,origin.list,2026-09-15 14:06:20.949914+00:00,c264585aabeaafcd06dfd6dd
88552.org,AVAILABILITY,origin.list,origin.list,2026-09-15 14:06:23.780260+00:00,c264585aabeaafcd06dfd6dd
88867800.com,AVAILABILITY,origin.list,origin.list,2026-09-15 14:06:25.354195+00:00,c264585aabeaafcd06dfd6dd
888vnd.club,AVAILABILITY,origin.list,origin.list,2026-09-15 14:06:27.622212+00:00,c264585aabeaafcd06dfd6dd
88plan.site,AVAILABILITY,origin.list,origin.list,2026-09-15 14:06:29.216279+00:00,c264585aabeaafcd06dfd6dd
890.ee,AVAILABILITY,origin.list,origin.list,2026-09-15 14:06:29.659891+00:00,c264585aabeaafcd06dfd6dd
89053.vip,AVAILABILITY,origin.list,origin.list,2026-09-15 14:06:30.469587+00:00,c264585aabeaafcd06dfd6dd
898456.com,AVAILABILITY,origin.list,origin.list,2026-09-15 14:06:33.750788+00:00,c264585aabeaafcd06dfd6dd
89733a.com,AVAILABILITY,origin.list,origin.list,2026-09-15 14:06:34.014202+00:00,c264585aabeaafcd06dfd6dd
8kbet10.com,AVAILABILITY,origin.list,origin.list,2026-09-15 14:06:36.393932+00:00,c264585aabeaafcd06dfd6dd
8xbet.quest,AVAILABILITY,origin.list,origin.list,2026-09-15 14:06:44.173808+00:00,c264585aabeaafcd06dfd6dd
8xbet698.cc,AVAILABILITY,origin.list,origin.list,2026-09-15 14:06:44.392378+00:00,c264585aabeaafcd06dfd6dd
8xbetcasino.top,AVAILABILITY,origin.list,origin.list,2026-09-15 14:06:46.316932+00:00,c264585aabeaafcd06dfd6dd
90022.vip,AVAILABILITY,origin.list,origin.list,2026-09-15 14:06:46.400513+00:00,c264585aabeaafcd06dfd6dd
918ec.com,AVAILABILITY,origin.list,origin.list,2026-09-15 14:06:57.804681+00:00,c264585aabeaafcd06dfd6dd
946h.com,AVAILABILITY,origin.list,origin.list,2026-09-15 14:07:01.919246+00:00,c264585aabeaafcd06dfd6dd
950.ee,AVAILABILITY,origin.list,origin.list,2026-09-15 14:07:02.721494+00:00,c264585aabeaafcd06dfd6dd
951.ee,AVAILABILITY,origin.list,origin.list,2026-09-15 14:07:03.813975+00:00,c264585aabeaafcd06dfd6dd
952jgj.net,AVAILABILITY,origin.list,origin.list,2026-09-15 14:07:05.187505+00:00,c264585aabeaafcd06dfd6dd
952jgj.com,AVAILABILITY,origin.list,origin.list,2026-09-15 14:07:07.175178+00:00,c264585aabeaafcd06dfd6dd
961.ee,AVAILABILITY,origin.list,origin.list,2026-09-15 14:07:07.674581+00:00,c264585aabeaafcd06dfd6dd
962.ee,AVAILABILITY,origin.list,origin.list,2026-09-15 14:07:08.143221+00:00,c264585aabeaafcd06dfd6dd
970.ee,AVAILABILITY,origin.list,origin.list,2026-09-15 14:07:12.325921+00:00,c264585aabeaafcd06dfd6dd
972.ee,AVAILABILITY,origin.list,origin.list,2026-09-15 14:07:13.081555+00:00,c264585aabeaafcd06dfd6dd
973.ee,AVAILABILITY,origin.list,origin.list,2026-09-15 14:07:13.584771+00:00,c264585aabeaafcd06dfd6dd
974.ee,AVAILABILITY,origin.list,origin.list,2026-09-15 14:07:14.487798+00:00,c264585aabeaafcd06dfd6dd
975.ee,AVAILABILITY,origin.list,origin.list,2026-09-15 14:07:14.696945+00:00,c264585aabeaafcd06dfd6dd
977.ee,AVAILABILITY,origin.list,origin.list,2026-09-15 14:07:15.623483+00:00,c264585aabeaafcd06dfd6dd
9778166.com,AVAILABILITY,origin.list,origin.list,2026-09-15 14:07:16.936290+00:00,c264585aabeaafcd06dfd6dd
9778177.com,AVAILABILITY,origin.list,origin.list,2026-09-15 14:07:17.951820+00:00,c264585aabeaafcd06dfd6dd
978.ee,AVAILABILITY,origin.list,origin.list,2026-09-15 14:07:18.588696+00:00,c264585aabeaafcd06dfd6dd
979.ee,AVAILABILITY,origin.list,origin.list,2026-09-15 14:07:21.151256+00:00,c264585aabeaafcd06dfd6dd
97992bet.com,AVAILABILITY,origin.list,origin.list,2026-09-15 14:07:22.324919+00:00,c264585aabeaafcd06dfd6dd
980.ee,AVAILABILITY,origin.list,origin.list,2026-09-15 14:07:22.542895+00:00,c264585aabeaafcd06dfd6dd
981.ee,AVAILABILITY,origin.list,origin.list,2026-09-15 14:07:23.593053+00:00,c264585aabeaafcd06dfd6dd
983.ee,AVAILABILITY,origin.list,origin.list,2026-09-15 14:07:25.192667+00:00,c264585aabeaafcd06dfd6dd
9891100.com,AVAILABILITY,origin.list,origin.list,2026-09-15 14:07:27.627450+00:00,c264585aabeaafcd06dfd6dd
99011999.com,AVAILABILITY,origin.list,origin.list,2026-09-15 14:07:28.884199+00:00,c264585aabeaafcd06dfd6dd
99932.cc,AVAILABILITY,origin.list,origin.list,2026-09-15 14:07:32.602558+00:00,c264585aabeaafcd06dfd6dd
9b211.com,AVAILABILITY,origin.list,origin.list,2026-09-15 14:07:34.738876+00:00,c264585aabeaafcd06dfd6dd
9orca88.club,AVAILABILITY,origin.list,origin.list,2026-09-15 14:07:37.304488+00:00,c264585aabeaafcd06dfd6dd
ab8.asia,AVAILABILITY,origin.list,origin.list,2026-09-15 14:07:42.179236+00:00,c264585aabeaafcd06dfd6dd
abcfun.cc,AVAILABILITY,origin.list,origin.list,2026-09-15 14:07:43.510643+00:00,c264585aabeaafcd06dfd6dd
99bjl2.com,AVAILABILITY,origin.list,origin.list,2026-09-15 14:07:44.451531+00:00,c264585aabeaafcd06dfd6dd
addsyk.com,AVAILABILITY,origin.list,origin.list,2026-09-15 14:07:46.443122+00:00,c264585aabeaafcd06dfd6dd
ae1888.com,AVAILABILITY,origin.list,origin.list,2026-09-15 14:07:48.295515+00:00,c264585aabeaafcd06dfd6dd
aiailive.io,AVAILABILITY,origin.list,origin.list,2026-09-15 14:07:52.645856+00:00,c264585aabeaafcd06dfd6dd
amlpjdc.com,AVAILABILITY,origin.list,origin.list,2026-09-15 14:07:54.840045+00:00,c264585aabeaafcd06dfd6dd
amlpjylc.com,AVAILABILITY,origin.list,origin.list,2026-09-15 14:07:55.038851+00:00,c264585aabeaafcd06dfd6dd
apk.koro.run,AVAILABILITY,origin.list,origin.list,2026-09-15 14:08:03.514050+00:00,c264585aabeaafcd06dfd6dd
appxz1155.com,AVAILABILITY,origin.list,origin.list,2026-09-15 14:08:05.533099+00:00,c264585aabeaafcd06dfd6dd
aux-one.com,AVAILABILITY,origin.list,origin.list,2026-09-15 14:08:07.209800+00:00,c264585aabeaafcd06dfd6dd
b52.me,AVAILABILITY,origin.list,origin.list,2026-09-15 14:08:11.429682+00:00,c264585aabeaafcd06dfd6dd
bdpc28.xyz,AVAILABILITY,origin.list,origin.list,2026-09-15 14:08:16.838056+00:00,c264585aabeaafcd06dfd6dd
bet008a.com,AVAILABILITY,origin.list,origin.list,2026-09-15 14:08:18.454741+00:00,c264585aabeaafcd06dfd6dd
betway552.com,AVAILABILITY,origin.list,origin.list,2026-09-15 14:08:25.860137+00:00,c264585aabeaafcd06dfd6dd
betway7877.com,AVAILABILITY,origin.list,origin.list,2026-09-15 14:08:26.502213+00:00,c264585aabeaafcd06dfd6dd
bigwin99.xyz,AVAILABILITY,origin.list,origin.list,2026-09-15 14:08:29.556512+00:00,c264585aabeaafcd06dfd6dd
bomvip.club,AVAILABILITY,origin.list,origin.list,2026-09-15 14:08:36.714719+00:00,c264585aabeaafcd06dfd6dd
bum88.club,AVAILABILITY,origin.list,origin.list,2026-09-15 14:08:45.266644+00:00,c264585aabeaafcd06dfd6dd
bw1875.com,AVAILABILITY,origin.list,origin.list,2026-09-15 14:08:46.077718+00:00,c264585aabeaafcd06dfd6dd
bway26.com,AVAILABILITY,origin.list,origin.list,2026-09-15 14:08:47.582377+00:00,c264585aabeaafcd06dfd6dd
bway75.com,AVAILABILITY,origin.list,origin.list,2026-09-15 14:08:48.243610+00:00,c264585aabeaafcd06dfd6dd
bway763.com,AVAILABILITY,origin.list,origin.list,2026-09-15 14:08:48.554222+00:00,c264585aabeaafcd06dfd6dd
bwcp718.com,AVAILABILITY,origin.list,origin.list,2026-09-15 14:08:50.969384+00:00,c264585aabeaafcd06dfd6dd
c8bet.fun,AVAILABILITY,origin.list,origin.list,2026-09-15 14:08:52.675792+00:00,c264585aabeaafcd06dfd6dd
cache.99163f.com,AVAILABILITY,origin.list,origin.list,2026-09-15 14:08:54.034649+00:00,c264585aabeaafcd06dfd6dd
cache.choicungfun.com,AVAILABILITY,origin.list,origin.list,2026-09-15 14:08:54.146785+00:00,c264585aabeaafcd06dfd6dd
cache.f646.com,AVAILABILITY,origin.list,origin.list,2026-09-15 14:08:55.751482+00:00,c264585aabeaafcd06dfd6dd
cache.f09-ltt71.com,AVAILABILITY,origin.list,origin.list,2026-09-15 14:08:55.868851+00:00,c264585aabeaafcd06dfd6dd
cache.f68-ltt37.com,AVAILABILITY,origin.list,origin.list,2026-09-15 14:08:57.332823+00:00,c264585aabeaafcd06dfd6dd
cache.fu68.me,AVAILABILITY,origin.list,origin.list,2026-09-15 14:08:57.864684+00:00,c264585aabeaafcd06dfd6dd
cache.fun323ub9.com,AVAILABILITY,origin.list,origin.list,2026-09-15 14:08:58.957532+00:00,c264585aabeaafcd06dfd6dd
cache.fun836joy.com,AVAILABILITY,origin.list,origin.list,2026-09-15 14:08:59.547829+00:00,c264585aabeaafcd06dfd6dd
cache.fun8slot12.com,AVAILABILITY,origin.list,origin.list,2026-09-15 14:09:00.470640+00:00,c264585aabeaafcd06dfd6dd
cache.fundangky01.com,AVAILABILITY,origin.list,origin.list,2026-09-15 14:09:01.161426+00:00,c264585aabeaafcd06dfd6dd
cache.fundangky02.com,AVAILABILITY,origin.list,origin.list,2026-09-15 14:09:01.990259+00:00,c264585aabeaafcd06dfd6dd
cache.fux588.com,AVAILABILITY,origin.list,origin.list,2026-09-15 14:09:02.715711+00:00,c264585aabeaafcd06dfd6dd
cache.jcf8.com,AVAILABILITY,origin.list,origin.list,2026-09-15 14:09:03.582581+00:00,c264585aabeaafcd06dfd6dd
cache.joyplay88.com,AVAILABILITY,origin.list,origin.list,2026-09-15 14:09:04.664516+00:00,c264585aabeaafcd06dfd6dd
cache.trochoivip.com,AVAILABILITY,origin.list,origin.list,2026-09-15 14:09:05.397848+00:00,c264585aabeaafcd06dfd6dd
cdyydp.com,AVAILABILITY,origin.list,origin.list,2026-09-15 14:09:08.876477+00:00,c264585aabeaafcd06dfd6dd
cgcp444.com,AVAILABILITY,origin.list,origin.list,2026-09-15 14:09:11.539320+00:00,c264585aabeaafcd06dfd6dd
chinabitou.com,AVAILABILITY,origin.list,origin.list,2026-09-15 14:09:12.342667+00:00,c264585aabeaafcd06dfd6dd
choang.fun,AVAILABILITY,origin.list,origin.list,2026-09-15 14:09:13.224880+00:00,c264585aabeaafcd06dfd6dd
club-188n84680w6a.win,AVAILABILITY,origin.list,origin.list,2026-09-15 14:09:19.475133+00:00,c264585aabeaafcd06dfd6dd
cpsvn.xyz,AVAILABILITY,origin.list,origin.list,2026-09-15 14:09:23.949017+00:00,c264585aabeaafcd06dfd6dd
cqc.app,AVAILABILITY,origin.list,origin.list,2026-09-15 14:09:23.962976+00:00,c264585aabeaafcd06dfd6dd
cz1155.com,AVAILABILITY,origin.list,origin.list,2026-09-15 14:09:32.275503+00:00,c264585aabeaafcd06dfd6dd
dafabetsport.com,AVAILABILITY,origin.list,origin.list,2026-09-15 14:09:33.943109+00:00,c264585aabeaafcd06dfd6dd
dangkykubet.vip,AVAILABILITY,origin.list,origin.list,2026-09-15 14:09:35.165206+00:00,c264585aabeaafcd06dfd6dd
dangkyrikvip.win,AVAILABILITY,origin.list,origin.list,2026-09-15 14:09:35.951871+00:00,c264585aabeaafcd06dfd6dd
dh1.vip,AVAILABILITY,origin.list,origin.list,2026-09-15 14:09:40.299773+00:00,c264585aabeaafcd06dfd6dd
dh.bet,AVAILABILITY,origin.list,origin.list,2026-09-15 14:09:41.136168+00:00,c264585aabeaafcd06dfd6dd
dh55.vip,AVAILABILITY,origin.list,origin.list,2026-09-15 14:09:41.323842+00:00,c264585aabeaafcd06dfd6dd
dh555.vip,AVAILABILITY,origin.list,origin.list,2026-09-15 14:09:42.015728+00:00,c264585aabeaafcd06dfd6dd
dh588.vip,AVAILABILITY,origin.list,origin.list,2026-09-15 14:09:42.217085+00:00,c264585aabeaafcd06dfd6dd
dh77.vip,AVAILABILITY,origin.list,origin.list,2026-09-15 14:09:43.001976+00:00,c264585aabeaafcd06dfd6dd
dh868.vip,AVAILABILITY,origin.list,origin.list,2026-09-15 14:09:43.095091+00:00,c264585aabeaafcd06dfd6dd
dh9.vip,AVAILABILITY,origin.list,origin.list,2026-09-15 14:09:43.794917+00:00,c264585aabeaafcd06dfd6dd
dh98.vip,AVAILABILITY,origin.list,origin.list,2026-09-15 14:09:43.992362+00:00,c264585aabeaafcd06dfd6dd
dhgj.app,AVAILABILITY,origin.list,origin.list,2026-09-15 14:09:44.689129+00:00,c264585aabeaafcd06dfd6dd
dhgj.bet,AVAILABILITY,origin.list,origin.list,2026-09-15 14:09:45.710941+00:00,c264585aabeaafcd06dfd6dd
divangelx.biz,AVAILABILITY,origin.list,origin.list,2026-09-15 14:09:46.666554+00:00,c264585aabeaafcd06dfd6dd
dom99.club,AVAILABILITY,origin.list,origin.list,2026-09-15 14:09:49.368445+00:00,c264585aabeaafcd06dfd6dd
e81383jbvqr1ds7.xyz,AVAILABILITY,origin.list,origin.list,2026-09-15 14:09:52.703074+00:00,c264585aabeaafcd06dfd6dd
e833131.com,AVAILABILITY,origin.list,origin.list,2026-09-15 14:09:52.990632+00:00,c264585aabeaafcd06dfd6dd
e87288.com,AVAILABILITY,origin.list,origin.list,2026-09-15 14:09:54.799125+00:00,c264585aabeaafcd06dfd6dd
ebao8.app,AVAILABILITY,origin.list,origin.list,2026-09-15 14:09:55.467259+00:00,c264585aabeaafcd06dfd6dd
eldozz-bet.xyz,AVAILABILITY,origin.list,origin.list,2026-09-15 14:09:57.044189+00:00,c264585aabeaafcd06dfd6dd
enkislots66.fun,AVAILABILITY,origin.list,origin.list,2026-09-15 14:09:57.786550+00:00,c264585aabeaafcd06dfd6dd
es-bet.com,AVAILABILITY,origin.list,origin.list,2026-09-15 14:09:59.242596+00:00,c264585aabeaafcd06dfd6dd
eurofun88.com,AVAILABILITY,origin.list,origin.list,2026-09-15 14:09:59.751564+00:00,c264585aabeaafcd06dfd6dd
ez-188bet.com,AVAILABILITY,origin.list,origin.list,2026-09-15 14:10:01.144209+00:00,c264585aabeaafcd06dfd6dd
f8bet.ceo,AVAILABILITY,origin.list,origin.list,2026-09-15 14:10:04.452146+00:00,c264585aabeaafcd06dfd6dd
f8bet25.cc,AVAILABILITY,origin.list,origin.list,2026-09-15 14:10:05.627946+00:00,c264585aabeaafcd06dfd6dd
f8bet27.cc,AVAILABILITY,origin.list,origin.list,2026-09-15 14:10:05.653611+00:00,c264585aabeaafcd06dfd6dd
fc6.link,AVAILABILITY,origin.list,origin.list,2026-09-15 14:10:14.363141+00:00,c264585aabeaafcd06dfd6dd
fc9.link,AVAILABILITY,origin.list,origin.list,2026-09-15 14:10:14.453549+00:00,c264585aabeaafcd06dfd6dd
fhw01.com,AVAILABILITY,origin.list,origin.list,2026-09-15 14:10:17.227020+00:00,c264585aabeaafcd06dfd6dd
fi88.club,AVAILABILITY,origin.list,origin.list,2026-09-15 14:10:17.708434+00:00,c264585aabeaafcd06dfd6dd
fi88.vip,AVAILABILITY,origin.list,origin.list,2026-09-15 14:10:18.577284+00:00,c264585aabeaafcd06dfd6dd
fi888.club,AVAILABILITY,origin.list,origin.list,2026-09-15 14:10:20.629585+00:00,c264585aabeaafcd06dfd6dd
fitfutures.in.net,AVAILABILITY,origin.list,origin.list,2026-09-15 14:10:22.530679+00:00,c264585aabeaafcd06dfd6dd
fm-88.top,AVAILABILITY,origin.list,origin.list,2026-09-15 14:10:25.868865+00:00,c264585aabeaafcd06dfd6dd
fun121.com,AVAILABILITY,origin.list,origin.list,2026-09-15 14:10:30.769205+00:00,c264585aabeaafcd06dfd6dd
fun86vvip.com,AVAILABILITY,origin.list,origin.list,2026-09-15 14:10:33.956399+00:00,c264585aabeaafcd06dfd6dd
fun99.vip,AVAILABILITY,origin.list,origin.list,2026-09-15 14:10:37.050451+00:00,c264585aabeaafcd06dfd6dd
funball6868.com,AVAILABILITY,origin.list,origin.list,2026-09-15 14:10:37.891259+00:00,c264585aabeaafcd06dfd6dd
fv8.link,AVAILABILITY,origin.list,origin.list,2026-09-15 14:10:40.459377+00:00,c264585aabeaafcd06dfd6dd
fv88-bonus.com,AVAILABILITY,origin.list,origin.list,2026-09-15 14:10:40.904698+00:00,c264585aabeaafcd06dfd6dd
fv88-vn.com,AVAILABILITY,origin.list,origin.list,2026-09-15 14:10:41.502548+00:00,c264585aabeaafcd06dfd6dd
g2g899.xyz,AVAILABILITY,origin.list,origin.list,2026-09-15 14:10:42.220050+00:00,c264585aabeaafcd06dfd6dd
g68600.com,AVAILABILITY,origin.list,origin.list,2026-09-15 14:10:42.908530+00:00,c264585aabeaafcd06dfd6dd
game.koro.run,AVAILABILITY,origin.list,origin.list,2026-09-15 14:10:44.055288+00:00,c264585aabeaafcd06dfd6dd
game2.bet,AVAILABILITY,origin.list,origin.list,2026-09-15 14:10:44.914908+00:00,c264585aabeaafcd06dfd6dd
game69.fun,AVAILABILITY,origin.list,origin.list,2026-09-15 14:10:45.008808+00:00,c264585aabeaafcd06dfd6dd
gameiwin.club,AVAILABILITY,origin.list,origin.list,2026-09-15 14:10:45.867899+00:00,c264585aabeaafcd06dfd6dd
gamewin.online,AVAILABILITY,origin.list,origin.list,2026-09-15 14:10:46.544783+00:00,c264585aabeaafcd06dfd6dd
gamingstream.xyz,AVAILABILITY,origin.list,origin.list,2026-09-15 14:10:46.699577+00:00,c264585aabeaafcd06dfd6dd
gatewayvn-scf1.choicungfun.com,AVAILABILITY,origin.list,origin.list,2026-09-15 14:10:48.257476+00:00,c264585aabeaafcd06dfd6dd
gatewayvn-scf1.99163f.com,AVAILABILITY,origin.list,origin.list,2026-09-15 14:10:48.289594+00:00,c264585aabeaafcd06dfd6dd
gatewayvn-scf1.f646.com,AVAILABILITY,origin.list,origin.list,2026-09-15 14:10:49.868142+00:00,c264585aabeaafcd06dfd6dd
gatewayvn-scf1.f09-ltt71.com,AVAILABILITY,origin.list,origin.list,2026-09-15 14:10:49.903839+00:00,c264585aabeaafcd06dfd6dd
gatewayvn-scf1.f68-ltt37.com,AVAILABILITY,origin.list,origin.list,2026-09-15 14:10:51.682709+00:00,c264585aabeaafcd06dfd6dd
gatewayvn-scf1.fu68.me,AVAILABILITY,origin.list,origin.list,2026-09-15 14:10:52.666126+00:00,c264585aabeaafcd06dfd6dd
gatewayvn-scf1.fun323ub9.com,AVAILABILITY,origin.list,origin.list,2026-09-15 14:10:53.537055+00:00,c264585aabeaafcd06dfd6dd
gatewayvn-scf1.fun836joy.com,AVAILABILITY,origin.list,origin.list,2026-09-15 14:10:54.204557+00:00,c264585aabeaafcd06dfd6dd
gatewayvn-scf1.fun8slot12.com,AVAILABILITY,origin.list,origin.list,2026-09-15 14:10:55.013681+00:00,c264585aabeaafcd06dfd6dd
gatewayvn-scf1.fundangky01.com,AVAILABILITY,origin.list,origin.list,2026-09-15 14:10:55.701083+00:00,c264585aabeaafcd06dfd6dd
gatewayvn-scf1.fundangky02.com,AVAILABILITY,origin.list,origin.list,2026-09-15 14:10:56.564706+00:00,c264585aabeaafcd06dfd6dd
gatewayvn-scf1.funvn66.com,AVAILABILITY,origin.list,origin.list,2026-09-15 14:10:57.215560+00:00,c264585aabeaafcd06dfd6dd
gatewayvn-scf1.fux588.com,AVAILABILITY,origin.list,origin.list,2026-09-15 14:10:58.041763+00:00,c264585aabeaafcd06dfd6dd
gatewayvn-scf1.jcf8.com,AVAILABILITY,origin.list,origin.list,2026-09-15 14:10:58.856722+00:00,c264585aabeaafcd06dfd6dd
gatewayvn-scf1.joyplay88.com,AVAILABILITY,origin.list,origin.list,2026-09-15 14:10:59.879243+00:00,c264585aabeaafcd06dfd6dd
gatewayvn-scf1.trochoivip.com,AVAILABILITY,origin.list,origin.list,2026-09-15 14:11:00.430542+00:00,c264585aabeaafcd06dfd6dd
gayatotoslotonline.xyz,AVAILABILITY,origin.list,origin.list,2026-09-15 14:11:00.734077+00:00,c264585aabeaafcd06dfd6dd
gb165.com,AVAILABILITY,origin.list,origin.list,2026-09-15 14:11:01.628553+00:00,c264585aabeaafcd06dfd6dd
gb172.com,AVAILABILITY,origin.list,origin.list,2026-09-15 14:11:02.069854+00:00,c264585aabeaafcd06dfd6dd
gb205.com,AVAILABILITY,origin.list,origin.list,2026-09-15 14:11:02.820557+00:00,c264585aabeaafcd06dfd6dd
gb238.com,AVAILABILITY,origin.list,origin.list,2026-09-15 14:11:03.127942+00:00,c264585aabeaafcd06dfd6dd
gb239.com,AVAILABILITY,origin.list,origin.list,2026-09-15 14:11:04.279367+00:00,c264585aabeaafcd06dfd6dd
gb252.com,AVAILABILITY,origin.list,origin.list,2026-09-15 14:11:04.376600+00:00,c264585aabeaafcd06dfd6dd
gb280.com,AVAILABILITY,origin.list,origin.list,2026-09-15 14:11:05.432547+00:00,c264585aabeaafcd06dfd6dd
gb286.com,AVAILABILITY,origin.list,origin.list,2026-09-15 14:11:05.501904+00:00,c264585aabeaafcd06dfd6dd
gb305.com,AVAILABILITY,origin.list,origin.list,2026-09-15 14:11:06.446181+00:00,c264585aabeaafcd06dfd6dd
gb298.com,AVAILABILITY,origin.list,origin.list,2026-09-15 14:11:06.468793+00:00,c264585aabeaafcd06dfd6dd
gb317.com,AVAILABILITY,origin.list,origin.list,2026-09-15 14:11:07.548400+00:00,c264585aabeaafcd06dfd6dd
gb318.com,AVAILABILITY,origin.list,origin.list,2026-09-15 14:11:07.704121+00:00,c264585aabeaafcd06dfd6dd
gb351.com,AVAILABILITY,origin.list,origin.list,2026-09-15 14:11:08.759461+00:00,c264585aabeaafcd06dfd6dd
gb353.com,AVAILABILITY,origin.list,origin.list,2026-09-15 14:11:09.068240+00:00,c264585aabeaafcd06dfd6dd
gb362.com,AVAILABILITY,origin.list,origin.list,2026-09-15 14:11:09.989820+00:00,c264585aabeaafcd06dfd6dd
gb368.com,AVAILABILITY,origin.list,origin.list,2026-09-15 14:11:10.074712+00:00,c264585aabeaafcd06dfd6dd
gb370.com,AVAILABILITY,origin.list,origin.list,2026-09-15 14:11:11.020398+00:00,c264585aabeaafcd06dfd6dd
gb381.com,AVAILABILITY,origin.list,origin.list,2026-09-15 14:11:11.248244+00:00,c264585aabeaafcd06dfd6dd
gb390.com,AVAILABILITY,origin.list,origin.list,2026-09-15 14:11:12.070358+00:00,c264585aabeaafcd06dfd6dd
gb391.com,AVAILABILITY,origin.list,origin.list,2026-09-15 14:11:12.285752+00:00,c264585aabeaafcd06dfd6dd
gb392.com,AVAILABILITY,origin.list,origin.list,2026-09-15 14:11:13.060228+00:00,c264585aabeaafcd06dfd6dd
gb395.com,AVAILABILITY,origin.list,origin.list,2026-09-15 14:11:13.479712+00:00,c264585aabeaafcd06dfd6dd
gb8111.com,AVAILABILITY,origin.list,origin.list,2026-09-15 14:11:14.327152+00:00,c264585aabeaafcd06dfd6dd
gbzb.net,AVAILABILITY,origin.list,origin.list,2026-09-15 14:11:14.434984+00:00,c264585aabeaafcd06dfd6dd
gkdianzi.com,AVAILABILITY,origin.list,origin.list,2026-09-15 14:11:18.106488+00:00,c264585aabeaafcd06dfd6dd
gfn2try7.vip,AVAILABILITY,origin.list,origin.list,2026-09-15 14:11:19.027243+00:00,c264585aabeaafcd06dfd6dd
goal123.win,AVAILABILITY,origin.list,origin.list,2026-09-15 14:11:20.372551+00:00,c264585aabeaafcd06dfd6dd
goal123.club,AVAILABILITY,origin.list,origin.list,2026-09-15 14:11:20.713596+00:00,c264585aabeaafcd06dfd6dd
gogobolaku.com,AVAILABILITY,origin.list,origin.list,2026-09-15 14:11:21.595900+00:00,c264585aabeaafcd06dfd6dd
good8812.site,AVAILABILITY,origin.list,origin.list,2026-09-15 14:11:22.188708+00:00,c264585aabeaafcd06dfd6dd
gs117.com,AVAILABILITY,origin.list,origin.list,2026-09-15 14:11:23.789262+00:00,c264585aabeaafcd06dfd6dd
gs135.com,AVAILABILITY,origin.list,origin.list,2026-09-15 14:11:23.894121+00:00,c264585aabeaafcd06dfd6dd
gs157.com,AVAILABILITY,origin.list,origin.list,2026-09-15 14:11:24.925505+00:00,c264585aabeaafcd06dfd6dd
gs161.com,AVAILABILITY,origin.list,origin.list,2026-09-15 14:11:24.934322+00:00,c264585aabeaafcd06dfd6dd
gs170.com,AVAILABILITY,origin.list,origin.list,2026-09-15 14:11:26.045243+00:00,c264585aabeaafcd06dfd6dd
gs162.com,AVAILABILITY,origin.list,origin.list,2026-09-15 14:11:26.051690+00:00,c264585aabeaafcd06dfd6dd
gs179.com,AVAILABILITY,origin.list,origin.list,2026-09-15 14:11:27.025946+00:00,c264585aabeaafcd06dfd6dd
gs172.com,AVAILABILITY,origin.list,origin.list,2026-09-15 14:11:27.040932+00:00,c264585aabeaafcd06dfd6dd
gs192.com,AVAILABILITY,origin.list,origin.list,2026-09-15 14:11:28.114420+00:00,c264585aabeaafcd06dfd6dd
gs182.com,AVAILABILITY,origin.list,origin.list,2026-09-15 14:11:28.218580+00:00,c264585aabeaafcd06dfd6dd
gs195.com,AVAILABILITY,origin.list,origin.list,2026-09-15 14:11:29.242849+00:00,c264585aabeaafcd06dfd6dd
gs193.com,AVAILABILITY,origin.list,origin.list,2026-09-15 14:11:29.296017+00:00,c264585aabeaafcd06dfd6dd
gs203.com,AVAILABILITY,origin.list,origin.list,2026-09-15 14:11:30.198185+00:00,c264585aabeaafcd06dfd6dd
gs206.com,AVAILABILITY,origin.list,origin.list,2026-09-15 14:11:30.342181+00:00,c264585aabeaafcd06dfd6dd
gs221.com,AVAILABILITY,origin.list,origin.list,2026-09-15 14:11:31.197489+00:00,c264585aabeaafcd06dfd6dd
gs233.com,AVAILABILITY,origin.list,origin.list,2026-09-15 14:11:31.357936+00:00,c264585aabeaafcd06dfd6dd
gs251.com,AVAILABILITY,origin.list,origin.list,2026-09-15 14:11:32.298160+00:00,c264585aabeaafcd06dfd6dd
gs283.com,AVAILABILITY,origin.list,origin.list,2026-09-15 14:11:32.394064+00:00,c264585aabeaafcd06dfd6dd
gs286.com,AVAILABILITY,origin.list,origin.list,2026-09-15 14:11:33.358365+00:00,c264585aabeaafcd06dfd6dd
gs292.com,AVAILABILITY,origin.list,origin.list,2026-09-15 14:11:33.374300+00:00,c264585aabeaafcd06dfd6dd
gs295.com,AVAILABILITY,origin.list,origin.list,2026-09-15 14:11:34.501970+00:00,c264585aabeaafcd06dfd6dd
gs312.com,AVAILABILITY,origin.list,origin.list,2026-09-15 14:11:34.530167+00:00,c264585aabeaafcd06dfd6dd
gs322.com,AVAILABILITY,origin.list,origin.list,2026-09-15 14:11:35.494949+00:00,c264585aabeaafcd06dfd6dd
gs319.com,AVAILABILITY,origin.list,origin.list,2026-09-15 14:11:35.498732+00:00,c264585aabeaafcd06dfd6dd
gs327.com,AVAILABILITY,origin.list,origin.list,2026-09-15 14:11:36.524464+00:00,c264585aabeaafcd06dfd6dd
gstar09.com,AVAILABILITY,origin.list,origin.list,2026-09-15 14:11:37.212151+00:00,c264585aabeaafcd06dfd6dd
gt92.vip,AVAILABILITY,origin.list,origin.list,2026-09-15 14:11:38.002748+00:00,c264585aabeaafcd06dfd6dd
h234.com,AVAILABILITY,origin.list,origin.list,2026-09-15 14:11:41.269541+00:00,c264585aabeaafcd06dfd6dd
h23023.com,AVAILABILITY,origin.list,origin.list,2026-09-15 14:11:41.519977+00:00,c264585aabeaafcd06dfd6dd
hapive.com,AVAILABILITY,origin.list,origin.list,2026-09-15 14:11:51.891260+00:00,c264585aabeaafcd06dfd6dd
happistar.info,AVAILABILITY,origin.list,origin.list,2026-09-15 14:11:52.205850+00:00,c264585aabeaafcd06dfd6dd
hb88.party,AVAILABILITY,origin.list,origin.list,2026-09-15 14:11:54.299574+00:00,c264585aabeaafcd06dfd6dd
haywinclub.vip,AVAILABILITY,origin.list,origin.list,2026-09-15 14:11:56.109255+00:00,c264585aabeaafcd06dfd6dd
hd5414.com,AVAILABILITY,origin.list,origin.list,2026-09-15 14:11:56.622731+00:00,c264585aabeaafcd06dfd6dd
he373.com,AVAILABILITY,origin.list,origin.list,2026-09-15 14:11:58.058303+00:00,c264585aabeaafcd06dfd6dd
hd5467.vip,AVAILABILITY,origin.list,origin.list,2026-09-15 14:12:02.942267+00:00,c264585aabeaafcd06dfd6dd
hebing.vip,AVAILABILITY,origin.list,origin.list,2026-09-15 14:12:03.164422+00:00,c264585aabeaafcd06dfd6dd
heji68.vip,AVAILABILITY,origin.list,origin.list,2026-09-15 14:12:07.288581+00:00,c264585aabeaafcd06dfd6dd
hg6078.com,AVAILABILITY,origin.list,origin.list,2026-09-15 14:12:12.752493+00:00,c264585aabeaafcd06dfd6dd
hh1060.com,AVAILABILITY,origin.list,origin.list,2026-09-15 14:12:16.446086+00:00,c264585aabeaafcd06dfd6dd
hhgg17.com,AVAILABILITY,origin.list,origin.list,2026-09-15 14:12:22.267869+00:00,c264585aabeaafcd06dfd6dd
hi88.deals,AVAILABILITY,origin.list,origin.list,2026-09-15 14:12:23.937598+00:00,c264585aabeaafcd06dfd6dd
hitclub.lc,AVAILABILITY,origin.list,origin.list,2026-09-15 14:12:24.842052+00:00,c264585aabeaafcd06dfd6dd
hitclub.bi,AVAILABILITY,origin.list,origin.list,2026-09-15 14:12:25.069373+00:00,c264585aabeaafcd06dfd6dd
hitclubapp.cfd,AVAILABILITY,origin.list,origin.list,2026-09-15 14:12:26.437515+00:00,c264585aabeaafcd06dfd6dd
hj6262.com,AVAILABILITY,origin.list,origin.list,2026-09-15 14:12:26.739380+00:00,c264585aabeaafcd06dfd6dd
hn8.link,AVAILABILITY,origin.list,origin.list,2026-09-15 14:12:28.178933+00:00,c264585aabeaafcd06dfd6dd
honglianpay.com,AVAILABILITY,origin.list,origin.list,2026-09-15 14:12:29.497324+00:00,c264585aabeaafcd06dfd6dd
hotbeet.xyz,AVAILABILITY,origin.list,origin.list,2026-09-15 14:12:30.197218+00:00,c264585aabeaafcd06dfd6dd
hv186.com,AVAILABILITY,origin.list,origin.list,2026-09-15 14:12:36.975756+00:00,c264585aabeaafcd06dfd6dd
hv151.com,AVAILABILITY,origin.list,origin.list,2026-09-15 14:12:37.109553+00:00,c264585aabeaafcd06dfd6dd
hv303.com,AVAILABILITY,origin.list,origin.list,2026-09-15 14:12:43.968971+00:00,c264585aabeaafcd06dfd6dd
hv313.com,AVAILABILITY,origin.list,origin.list,2026-09-15 14:12:44.341026+00:00,c264585aabeaafcd06dfd6dd
hv565.com,AVAILABILITY,origin.list,origin.list,2026-09-15 14:12:49.439331+00:00,c264585aabeaafcd06dfd6dd
hv535.com,AVAILABILITY,origin.list,origin.list,2026-09-15 14:12:49.606142+00:00,c264585aabeaafcd06dfd6dd
hv57.com,AVAILABILITY,origin.list,origin.list,2026-09-15 14:12:50.376341+00:00,c264585aabeaafcd06dfd6dd
hv595.com,AVAILABILITY,origin.list,origin.list,2026-09-15 14:12:54.800608+00:00,c264585aabeaafcd06dfd6dd
hv618.com,AVAILABILITY,origin.list,origin.list,2026-09-15 14:12:56.614826+00:00,c264585aabeaafcd06dfd6dd
hv722.com,AVAILABILITY,origin.list,origin.list,2026-09-15 14:13:01.860152+00:00,c264585aabeaafcd06dfd6dd
hv727.com,AVAILABILITY,origin.list,origin.list,2026-09-15 14:13:03.823446+00:00,c264585aabeaafcd06dfd6dd
hv838.com,AVAILABILITY,origin.list,origin.list,2026-09-15 14:13:08.854584+00:00,c264585aabeaafcd06dfd6dd
hv797.com,AVAILABILITY,origin.list,origin.list,2026-09-15 14:13:09.041038+00:00,c264585aabeaafcd06dfd6dd
hv855.com,AVAILABILITY,origin.list,origin.list,2026-09-15 14:13:10.232548+00:00,c264585aabeaafcd06dfd6dd
hv899.com,AVAILABILITY,origin.list,origin.list,2026-09-15 14:13:10.452127+00:00,c264585aabeaafcd06dfd6dd
hv979.com,AVAILABILITY,origin.list,origin.list,2026-09-15 14:13:15.616415+00:00,c264585aabeaafcd06dfd6dd
hv911.com,AVAILABILITY,origin.list,origin.list,2026-09-15 14:13:16.457571+00:00,c264585aabeaafcd06dfd6dd
hv989.com,AVAILABILITY,origin.list,origin.list,2026-09-15 14:13:21.727567+00:00,c264585aabeaafcd06dfd6dd
i9bet.cam,AVAILABILITY,origin.list,origin.list,2026-09-15 14:13:28.924506+00:00,c264585aabeaafcd06dfd6dd
i9bet.online,AVAILABILITY,origin.list,origin.list,2026-09-15 14:13:29.344161+00:00,c264585aabeaafcd06dfd6dd
ibc6666.com,AVAILABILITY,origin.list,origin.list,2026-09-15 14:13:31.720310+00:00,c264585aabeaafcd06dfd6dd
